ACC	Q0	Arteria carotic communis	2
ACC	Q0	Arteria carotis communis	2
ACC	Q0	abgeschwächtes Atemgeräusch	0
ACC	Q0	ACC ACE	0
ACC	Q0	ACC ACI	0
ACC	Q0	ACC IMD	0
ACC	Q0	ACC vereinzelte	0
ACC	Q0	ACCACI	0
ACC	Q0	Accupaque	0
ACC	Q0	ACE atherosklerotische	0
ACC	Q0	ACI atherosklerotische	0
ACC	Q0	ACI und ACE	0
ACC	Q0	ACI und ACE reichend	0
ACC	Q0	ACi und ECR reichend	0
ACC	Q0	ACI Zahlreiche	0
ACC	Q0	AFC triphasisches	0
ACC	Q0	Arteriosklerotische Wandverdickungen	0
ACC	Q0	Halo ACC	0
ACC	Q0	Halsgefäße ACC	0
ACC	Q0	Hardplaques	0
ACC	Q0	Rechts ACC	0
ACC	Q0	Acetylcystein	-1
ACC	Q0	Anteriorer cingulärer Cortex	-1
ACC	Q0	Aplasia cutis congenita	-1
ACS	Q0	akutem Koronarsyndrom	2
ACS	Q0	Akutes Coronarsyndrom	2
ACS	Q0	Akutes Koronarsyndrom	2
ACS	Q0	akutes Koronarsyndrom	2
ACS	Q0	Akutes	1
ACS	Q0	ACB	0
ACS	Q0	ACM	0
ACS	Q0	aktueller Verabreichung	0
ACS	Q0	akutes Geschehen	0
ACS	Q0	Allergisches	0
ACS	Q0	Anämie hypochrom	0
ACS	Q0	Angina pectoris	0
ACS	Q0	Angioseal Verschlusssystem	0
ACS	Q0	Angiosealverschlusssystem	0
ACS	Q0	angrenzendem Weichteilhämatom	0
ACS	Q0	Arthritis urica	0
ACS	Q0	Asthma bronchiale	0
ACS	Q0	Aszitespunktion	0
ACS	Q0	Auschluss	0
ACS	Q0	ausgenommen rheumatisch	0
ACS	Q0	AV Knotenreentrytachykardie	0
ACS	Q0	Fürstenfeld	0
ACS	Q0	Hyperkaliämie	0
ACS	Q0	Lungenödem	0
ACS	Q0	NSTEMI	0
ACS	Q0	WPW Syndrom	0
ACS	Q0	American Cancer Society	-1
ACS	Q0	American College of Surgeons	-1
ACS	Q0	arteria coronaria sinistra	-1
ACS	Q0	arterielle Verschlusskrankheit	-1
AE	Q0	Adverse events	2
AE	Q0	unerwünschten Ereignisse	1
AE	Q0	Abd Bauchdecke	0
AE	Q0	AE SAE	0
AE	Q0	AEs	0
AE	Q0	Allergien	0
AE	Q0	anhaltenden tachyarrhythmischen	0
AE	Q0	Arrhythmieepisoden	0
AE	Q0	Arrythmien	0
AE	Q0	aufgetretenen Konsolidierungen	0
AE	Q0	auskultierbare Geräusche	0
AE	Q0	auskultierbaren Geräusche	0
AE	Q0	auskultierbares Geräusch	0
AE	Q0	axillären Lymphknoten	0
AE	Q0	CFAE	0
AE	Q0	DAE	0
AE	Q0	feuchten RG	0
AE	Q0	merklichen Rhythmusereignisse	0
AE	Q0	Path RG	0
AE	Q0	SAE	0
AE	Q0	SAEs	0
AE	Q0	Alkoholembryopathie	-1
AE	Q0	Antitoxin-Einheit	-1
AE	Q0	Appendektomie	-1
AE	Q0	Atopisches Ekzem	-1
AFC	Q0	Arteria femoralis communis	2
AFC	Q0	AFc	0
AFC	Q0	AFC AFS	0
AFC	Q0	AFCS	0
AFC	Q0	AFS	0
AFC	Q0	AFS Lokales	0
AFC	Q0	Angiografie intracerebral	0
AFC	Q0	Angiografie intracraniell	0
AFC	Q0	Arteriosklerotischer Gefäßschaden	0
AFC	Q0	Aufsuchen	0
AFC	Q0	Einstichstelle	0
AFC	Q0	Fistel Links	0
AFC	Q0	iB	0
AFC	Q0	Links AFC	0
AFC	Q0	Rechts AFC	0
AFC	Q0	VFC	0
AINS	Q0	Aorteninsuffizienz	2
AINS	Q0	Aortenklappeninsuffizienz	2
AINS	Q0	Aorteninsuff	1
AINS	Q0	Aortenklappeninsuffizenz	1
AINS	Q0	Ains	0
AINS	Q0	AINSI	0
AINS	Q0	Aortenklappensklerosierung	0
AINS	Q0	Aortenklappensklerosierung ohne	0
AINS	Q0	Aortenregurgitation	0
AINS	Q0	MINS	0
AINS	Q0	Mins	0
AINS	Q0	MINSÐ	0
AINS	Q0	Mitralinsuff	0
AINS	Q0	MST	0
AINS	Q0	PINS	0
AINS	Q0	PUINS	0
AK	Q0	Aortenklappe	2
AK	Q0	Akinesie	1
AK	Q0	Aortennklappe	1
AK	Q0	Ak	0
AK	Q0	AKE ATS	0
AK	Q0	Akinesie Restmyokard	0
AK	Q0	AKÖ	0
AK	Q0	Aortenklappe trikuspid	0
AK	Q0	Aortenklappenfluss	0
AK	Q0	Aortenklappenfluß	0
AK	Q0	apikale Akinesie	0
AK	Q0	apikolateralen	0
AK	Q0	Apikoseptal	0
AK	Q0	apikoseptalen	0
AK	Q0	BAK	0
AK	Q0	Ðm	0
AK	Q0	JAK	0
AK	Q0	Klappenstatus	0
AK	Q0	Spitzena	0
AK	Q0	Spitzendyskinesie	0
AK	Q0	TRAK	0
AK	Q0	Akinesie apikosept	-1
AK	Q0	Alzheimer-Krankheit	-1
AKE	Q0	Aortenklappenersatz	2
AKE	Q0	Aortenklappenersatzoperation	2
AKE	Q0	Aortenklappe	1
AKE	Q0	Aortenklappen	1
AKE	Q0	Aortenklapppenersatz	1
AKE	Q0	AKE ATS	0
AKE	Q0	Aneurysmektomie	0
AKE	Q0	Aortenklappenersatz Anästhesie	0
AKE	Q0	Aortenklappenersatzinfekt	0
AKE	Q0	Aortenklappenrekonstruktion	0
AKE	Q0	Aortenklappensklerose	0
AKE	Q0	aortokoronaren	0
AKE	Q0	CABG	0
AKE	Q0	Mitral Repair	0
AKE	Q0	MKE	0
AKE	Q0	MKR	0
AKE	Q0	MKR MKE	0
AKE	Q0	PKE	0
AKE	Q0	Repair	0
AKE	Q0	TKE	0
ALT	Q0	Alanin-Aminotransferase	2
ALT	Q0	Allostad	0
ALT	Q0	Allostat	0
ALT	Q0	ALT ÐÐU	0
ALT	Q0	altblutig	0
ALT	Q0	Alzheimertyp	0
ALT	Q0	Amulett	0
ALT	Q0	atrialer Stimulationsanteil	0
ALT	Q0	CKMB	0
ALT	Q0	GGT	0
ALT	Q0	GT	0
ALT	Q0	LDH	0
ALT	Q0	MALT	0
ALT	Q0	MB	0
AÖF	Q0	Aortenklappenöffnungsfläche	2
AÖF	Q0	Aortenöffnungsfläche	2
AÖF	Q0	Aortenklappenöffungsfläche	1
AÖF	Q0	Aortenöffnung	1
AÖF	Q0	AKÖ	0
AÖF	Q0	AÖFÐ	0
AÖF	Q0	Aortenöffnungsstelle	0
AÖF	Q0	Klappenöffnungsfläche	0
AÖF	Q0	KÖF	0
AÖF	Q0	MÖF	0
AÖF	Q0	ÖF	0
AÖF	Q0	Öffnungsfläche	0
AÖF	Q0	TRÖF	0
AP	Q0	Alkalische Phosphatase	2
AP	Q0	Angina pectoris	2
AP	Q0	Angina Pectoris	2
AP	Q0	allg Erschöpfung	0
AP	Q0	allgemeiner Erschöpfung	0
AP	Q0	Angina	0
AP	Q0	aortenstenosespezifische	0
AP	Q0	Ap	0
AP	Q0	APC	0
AP	Q0	APOP	0
AP	Q0	APPT	0
AP	Q0	Arrhythmieepisoden	0
AP	Q0	Atemnot	0
AP	Q0	ausmachbare P	0
AP	Q0	Ausschöpfung	0
AP	Q0	IAP	0
AP	Q0	MAP	0
AP	Q0	pectanginösen	0
AP	Q0	Stenokardien	0
AP	Q0	aggressive Parodontitis	-1
AP	Q0	Aktionspotential	-1
AP	Q0	auftretende Palpitationen	-1
ASS	Q0	Acetylsalicylsäure	2
ASS	Q0	Aspirin	1
ASS	Q0	Aldostad	0
ASS	Q0	Allostad	0
ASS	Q0	Anschlussheilverfahren	0
ASS	Q0	anstelle	0
ASS	Q0	Aristocor	0
ASS	Q0	Aspisol	0
ASS	Q0	Ass	0
ASS	Q0	ass	0
ASS	Q0	Ass lebenslang	0
ASS	Q0	Ass lebenslang sowie	0
ASS	Q0	Ass soll	0
ASS	Q0	Ass soll lebenslang	0
ASS	Q0	Assasantin	0
ASS	Q0	ASSÐÐÐ	0
ASS	Q0	AssÐÐÐmg	0
ASS	Q0	Assura	0
ASS	Q0	BLOPRESS	0
ASS	Q0	Certralin	0
ASS	Q0	Cholesterinarme Diät	0
ASS	Q0	CSS	0
ASS	Q0	FESS	0
ASS	Q0	HSS	0
ASS	Q0	POSS	0
ASS	Q0	TASS	0
AST	Q0	Aortenklappenstenose	2
AST	Q0	Aortenstenose	2
AST	Q0	Aortenklappenstenoe	1
AST	Q0	Aortenklappestenose	1
AST	Q0	ACD Abgangsstenose	0
AST	Q0	Adipositas	0
AST	Q0	Aortenisthmusstenose	0
AST	Q0	Aszitespunktion	0
AST	Q0	dil CMP	0
AST	Q0	EUCAST	0
AST	Q0	IAST	0
AST	Q0	ischäm CMP	0
AST	Q0	MINS	0
AST	Q0	Mitralklappeninsuffizienz	0
AST	Q0	Mitralklappenstenose MÖF	0
AST	Q0	NAST	0
AST	Q0	Trikuspidalklappeninsuffizienz	0
AST	Q0	Aortenprothesenstenose	-1
AST	Q0	Aspartat-Aminotransferase	-1
AST	Q0	Mitralklappenstenose	-1
AV	Q0	Atrioventrikular	2
AV	Q0	Atrioventrikulär	2
AV	Q0	atrioventrikulärer	2
AV	Q0	Atrioventrikulärer	2
AV	Q0	A vertebralis	1
AV	Q0	A vert	0
AV	Q0	aktive	0
AV	Q0	aktiven	0
AV	Q0	aktiver	0
AV	Q0	antiarrhythmischen Rezidivprophylaxe	0
AV	Q0	Aortenklappen Vermessung	0
AV	Q0	Arrhyhtmogene rechtsventrikulärer	0
AV	Q0	AV Block	0
AV	Q0	AV Knoten	0
AV	Q0	AVb	0
AV	Q0	AVBI	0
AV	Q0	AVBl	0
AV	Q0	AVM	0
AV	Q0	AVN	0
AV	Q0	duplexsonographisch	0
AV	Q0	vert kaliberkräftig	0
AV	Q0	vert regelrecht	0
AV	Q0	Allgemeinveränderungen	-1
AV	Q0	Art vert	-1
AV	Q0	Attachmentverlust	-1
AVK	Q0	arterielle Verschlusskrankheit	2
AVK	Q0	Arterielle Verschlusskrankheit	2
AVK	Q0	Antiarr Unverträglichkeit	0
AVK	Q0	Atrioventrikulärer	0
AVK	Q0	AV Blockierungen	0
AVK	Q0	AV Knotenreentrytachykardie	0
AVK	Q0	AV Knotens	0
AVK	Q0	AVB IIb	0
AVK	Q0	AVK IIb	0
AVK	Q0	AVK IV	0
AVK	Q0	diab AVK	0
AVK	Q0	diabet AVK	0
AVK	Q0	HUK	0
AVK	Q0	Insulinpflichtiger	0
AVK	Q0	vAVK	0
AVK	Q0	Verschlusskrankheit	0
AVK	Q0	zAVK	0
AZ	Q0	Allgemeinzustand	2
AZ	Q0	Allgemeinzustandes	2
AZ	Q0	Ablationsversuch Herzbeuteltamponade	0
AZ	Q0	AEZ C	0
AZ	Q0	Allgemeinmediziner	0
AZ	Q0	Angstzustand	0
AZ	Q0	aufzunehmen	0
AZ	Q0	ausgezeichnet	0
AZ	Q0	ausgezeichneten Allgemeinzustand	0
AZ	Q0	Az	0
AZ	Q0	GRAZ	0
AZ	Q0	Inspiration	0
AZ	Q0	junktionalem Ersatzrhythmus	0
AZ	Q0	Langzeitergebnis	0
AZ	Q0	Wundverhältnissen	0
BD	Q0	Bauchdecke	2
BD	Q0	Bauchdecken	2
BD	Q0	AGs	0
BD	Q0	apikal hörbar	0
BD	Q0	Bauchdeckenabszessspaltung	0
BD	Q0	Bd	0
BD	Q0	bd Karotiden	0
BD	Q0	BDU	0
BD	Q0	Beinödem	0
BD	Q0	Belastungsbedingungen	0
BD	Q0	Belastungsdyspnoen	0
BD	Q0	blande mediane	0
BD	Q0	blande Narben	0
BD	Q0	Blutdruckverhalten Weder	0
BD	Q0	BURGDORFERI	0
BD	Q0	exspiratorisches	0
BD	Q0	gebläht	0
BD	Q0	üThN	0
BD	Q0	weich	0
BD	Q0	ZBD	0
BD	Q0	beids	-1
BD	Q0	bicuspiden	-1
BD	Q0	Blutdruck	-1
BHB	Q0	Barmherzigen Brüder	2
BHB	Q0	Barmherzigen Brüdern	2
BHB	Q0	Barmh Brüder	1
BHB	Q0	Barmherzigen	1
BHB	Q0	Barmh	0
BHB	Q0	Bauchbereich	0
BHB	Q0	Beschluss	0
BHB	Q0	BHB Eggenberg	0
BHB	Q0	BHB Marschallgasse	0
BHB	Q0	BHBs	0
BHB	Q0	BHBs Eggenberg	0
BHB	Q0	Elisabethinen	0
BMS	Q0	Bare Metal Stent	2
BMS	Q0	bare metal	1
BMS	Q0	Baremetalstent	1
BMS	Q0	Baremetalstents	1
BMS	Q0	BM Stents	1
BMS	Q0	AKS	0
BMS	Q0	Ballonpumpe	0
BMS	Q0	Balloonpumpe	0
BMS	Q0	Bare Metal	0
BMS	Q0	Biomatrix	0
BMS	Q0	BMs	0
BMS	Q0	BMSs	0
BMS	Q0	Bradyarrhythmie	0
BMS	Q0	Bronchopneumonie	0
BMS	Q0	Burst terminiert	0
BMS	Q0	ÐBMS	0
BMS	Q0	DE	0
BMS	Q0	DES	0
BMS	Q0	Stents	0
BMS	Q0	TMS	0
BMS	Q0	Batch Monitoring System	-1
BZ	Q0	Blutzucker	2
BZ	Q0	Blutzuckers	2
BZ	Q0	Blutzuckerwerte	2
BZ	Q0	Blutzuckerwerten	1
BZ	Q0	Batteriekapazität	0
BZ	Q0	behandelnden Arztes	0
BZ	Q0	Blutdruckes	0
BZ	Q0	Blutzucker Langzeitwert	0
BZ	Q0	Blutzuckerkontrollen	0
BZ	Q0	Bz	0
BZ	Q0	BZ SK	0
BZ	Q0	BZ TP	0
BZ	Q0	BZTP	0
BZ	Q0	Gewichts	0
BZ	Q0	HbaÐc	0
BZ	Q0	INR	0
BZ	Q0	NBZ	0
BZ	Q0	Broca-Zentrum	-1
CA	Q0	Coronarangiographie	2
CA	Q0	Koronarangiografie	2
CA	Q0	Koronarangiographie	2
CA	Q0	Cataract	1
CA	Q0	Cornarangiographie	1
CA	Q0	Coronarangiogarphie	1
CA	Q0	Coronarangiografie	1
CA	Q0	Coronarangiograhpie	1
CA	Q0	CAD	0
CA	Q0	CAG	0
CA	Q0	CALL	0
CA	Q0	CAPG	0
CA	Q0	card Dekompensation	0
CA	Q0	Carotissonographie	0
CA	Q0	Chemotherapie	0
CA	Q0	EPU	0
CA	Q0	Herzkatheter	0
CA	Q0	Herzkatheteruntersuchung	0
CA	Q0	Koronarangiographieuntersuchung	0
CA	Q0	PCA	0
CA	Q0	PTCA	0
CA	Q0	Carboanhydrase	-1
CA	Q0	Cornu Ammonis	-1
CHE	Q0	Cholezystektomie	2
CHE	Q0	Chemotherapie	1
CHE	Q0	Cholecystektomie	1
CHE	Q0	Borrelieninfektion	0
CHE	Q0	CHEE	0
CHE	Q0	Chemother	0
CHE	Q0	Chlamydieninfektion	0
CHE	Q0	Cholelithiasis	0
CHE	Q0	Cholezystolithiasis	0
CHE	Q0	CMV Infektion	0
CHE	Q0	Corticoid Therapie	0
CHE	Q0	HE	0
CHE	Q0	Knocheninfarkt	0
CHE	Q0	Strumaresektion	0
CHE	Q0	Strumektomie	0
CHE	Q0	TBC	0
CHE	Q0	TE	0
CHE	Q0	TIA	0
CHE	Q0	Zehenamputation	0
CHE	Q0	Zn CHE	0
CHE	Q0	Chemo	-1
CHE	Q0	Cholezystitis	-1
CK	Q0	Creatin-Kinase	2
CK	Q0	Creatinkinase	2
CK	Q0	CK MB	0
CK	Q0	CKMB	0
CK	Q0	CKMB LDH	0
CK	Q0	GGT	0
CK	Q0	LDH	0
CK	Q0	MB	0
CK	Q0	Myoglobin	0
CK	Q0	y GT	0
CK	Q0	Kombikalz	-1
CMP	Q0	Cardiomyopathie	2
CMP	Q0	Kardiomyopathie	2
CMP	Q0	Kardiomoypathie	1
CMP	Q0	Kardiomypathie	1
CMP	Q0	card Dekompensation	0
CMP	Q0	cardiale Dekompensation	0
CMP	Q0	cardialer Dekompensation	0
CMP	Q0	cerebralen Mikroangiopathie	0
CMP	Q0	Chemotherapie	0
CMP	Q0	CMÐ	0
CMP	Q0	CML	0
CMP	Q0	dil CMP	0
CMP	Q0	HCMP	0
CMP	Q0	Herzinsuffizienz	0
CMP	Q0	HOCMP	0
CMP	Q0	ICMP	0
CMP	Q0	ischäm CMP	0
CMP	Q0	MP	0
CMP	Q0	Komponente	-1
COPD	Q0	Chronic obstructive pulmonal disease	2
COPD	Q0	Chronisch obstruktive Lungenerkrankung	1
COPD	Q0	Chronisch-obstruktive Lungenerkrankung	1
COPD	Q0	Asthma	0
COPD	Q0	COD	0
COPD	Q0	COLD	0
COPD	Q0	COPP	0
COPD	Q0	COr	0
COPD	Q0	DPD	0
COPD	Q0	Hypercholesterinämie	0
COPD	Q0	Kardiale Dekompensationsepisoden	0
COPD	Q0	kombinierte Hyperlipidämie	0
COPD	Q0	Kombinierte Hyperlipidämie	0
COPD	Q0	Niereninsuffizienz	0
COPD	Q0	NINS	0
COPD	Q0	RPD	0
CV	Q0	Cardioversion	2
CV	Q0	Kardioversion	2
CV	Q0	Cardio Version	1
CV	Q0	Cardioversionsversuch	0
CV	Q0	Corvert	0
CV	Q0	cranial verfließend	0
CV	Q0	CVID	0
CV	Q0	ÐCV	0
CV	Q0	eCV	0
CV	Q0	elektr	0
CV	Q0	elektr CV	0
CV	Q0	elektr Kardioversion	0
CV	Q0	elektrischer Kardioversion	0
CV	Q0	HCV	0
CV	Q0	MCV	0
CV	Q0	Pulmonalvenenisolation	0
CV	Q0	Cardioverte	-1
CV	Q0	Conversion	-1
CV	Q0	Konversion	-1
CX	Q0	Circumflexus	2
CX	Q0	Ramus circumflexus	2
CX	Q0	ALA	0
CX	Q0	ÐCX	0
CX	Q0	LAD	0
CX	Q0	OM	0
CX	Q0	PLA	0
CX	Q0	RCA	0
CX	Q0	RCAÐ	0
CX	Q0	RCX	0
CX	Q0	Arteria circumflexa	-1
DD	Q0	Differentialdiagnose	2
DD	Q0	Differenzialdiagnose	2
DD	Q0	DD Lymphadenopathie	0
DD	Q0	DDD CLS	0
DD	Q0	DDx	0
DD	Q0	DDX	0
DD	Q0	Defibrillatorsonde	0
DD	Q0	Degenerative Skelettveränderungen	0
DD	Q0	descendens entzündlich	0
DD	Q0	Diskret	0
DD	Q0	Doctor of Dentistry	0
DD	Q0	dorsale Randwinkelergüsse	0
DD	Q0	dort diagnostiziertem	0
DD	Q0	dringend verdächtig	0
DD	Q0	Hilus reaktiv	0
DD	Q0	vasculär bedingt	0
DD	Q0	vDD	0
DD	Q0	VDD	0
DD	Q0	verbreitert Pulmonalvenöse	0
DD	Q0	dependent diabetes	-1
DD	Q0	Diab Diät	-1
DD	Q0	Diabetes Diät	-1
DD	Q0	Diabetesdiät	-1
DES	Q0	Drug Eluting Stent	2
DES	Q0	Drug eluting Stent	2
DES	Q0	Drug Eluting Stents	2
DES	Q0	Drug Elutingstent	2
DES	Q0	Drug Elutingstents	2
DES	Q0	Drug eluting	1
DES	Q0	Drug Eluting	1
DES	Q0	AKS	0
DES	Q0	BM Stents	0
DES	Q0	BMS	0
DES	Q0	BMs	0
DES	Q0	BMSs	0
DES	Q0	ÐDES	0
DES	Q0	DE	0
DES	Q0	Direktstenting	0
DES	Q0	distalen Drittel	0
DES	Q0	ÐLAD DES	0
DES	Q0	Drittel	0
DES	Q0	Stents	0
DG	Q0	Darmgeräusche	2
DG	Q0	DGKPS	0
DG	Q0	DGKS	0
DG	Q0	DGs	0
DG	Q0	DGS	0
DG	Q0	Digitoxinspiegel	0
DG	Q0	dorsale Alignement	0
DG	Q0	Dr Gergana	0
DG	Q0	Druckschmerz Darmgeräusche	0
DG	Q0	Ds rege	0
DG	Q0	Dünndarmschlingen	0
DG	Q0	FDG	0
DG	Q0	lebhafte DG	0
DG	Q0	lebhafte DGs	0
DG	Q0	Res	0
DG	Q0	Untere	0
DG	Q0	Diastole geräuschfrei	-1
DM	Q0	Diabetes mellitus	2
DM	Q0	Diabetes Mellitus	2
DM	Q0	Durchmesser	2
DM	Q0	Diab mell	1
DM	Q0	Diab Mell	1
DM	Q0	Diabetes Melltius	1
DM	Q0	Diabetesmellitus	1
DM	Q0	Decomp	0
DM	Q0	Dermatomyositis	0
DM	Q0	diät	0
DM	Q0	DMÐ	0
DM	Q0	HT metallisch	0
DM	Q0	IDDM	0
DM	Q0	LDM	0
DM	Q0	NIDDM	0
DM	Q0	rhythisch	0
DM	Q0	sekundär insulinpflichtig	0
DM	Q0	TÐDM	0
DS	Q0	Druckschmerz	2
DS	Q0	Druckschm	1
DS	Q0	Drukschmerz	1
DS	Q0	Abwehrspannung	0
DS	Q0	Bauchdecke weich	0
DS	Q0	Darmgeräusche	0
DS	Q0	Defense	0
DS	Q0	DLCO Messung	0
DS	Q0	Druckschmerz auskultat	0
DS	Q0	Druckschmerz Darmgeräusche	0
DS	Q0	Ds	0
DS	Q0	ERDS	0
DS	Q0	MDS	0
DS	Q0	regelrecht Extrem	0
DS	Q0	tastbaren Resistenzen	0
DS	Q0	TDS	0
DS	Q0	WDS	0
EBA	Q0	Erstversorgung, Beobachtung, Aufnahme	2
EBA	Q0	Notaufnahme	1
EBA	Q0	Abteilung	0
EBA	Q0	BA	0
EBA	Q0	CCU	0
EBA	Q0	EBV	0
EBA	Q0	eingebrachter Subclaviakatheter	0
EBA	Q0	einsehbaren Lungenabschnitte	0
EBA	Q0	Elisabethinen transferiert	0
EBA	Q0	Endomyokardbiopsien übersandt	0
EBA	Q0	Entzugsbehandlung	0
EBA	Q0	Enzenbach	0
EBA	Q0	Eventrecorderabfrage	0
EBA	Q0	Intensivstation	0
EBA	Q0	Normalstation	0
EBA	Q0	POBA	0
EBA	Q0	hiesigen Notaufnahme	-1
EF	Q0	Ejection Fraction	2
EF	Q0	Ejektionsfraktion	2
EF	Q0	Auswurffraktion	1
EF	Q0	epikardiales Fett	1
EF	Q0	Episodenfrequenz	1
EF	Q0	diastolische	0
EF	Q0	EDP	0
EF	Q0	Ehefrau	0
EF	Q0	eingeschränkter LVFunktion	0
EF	Q0	Endsystolischer Tiefendurchmesser	0
EF	Q0	Erfolgschance	0
EF	Q0	HFPEF	0
EF	Q0	HFpEF	0
EF	Q0	linksventrikulären volumetrischen	0
EF	Q0	LVEF	0
EF	Q0	MEF	0
EF	Q0	Öffnungsfl	0
EF	Q0	Öffnungsfläche	0
EF	Q0	PEF	0
EF	Q0	Simpson	0
EF	Q0	Eigenfrequenz	-1
EF	Q0	Erkennungsfrequenz	-1
EKG	Q0	Elektrokardiogramm	2
EKG	Q0	Durchgehend	0
EKG	Q0	Echkardiographie	0
EKG	Q0	Echokardiogramm	0
EKG	Q0	Echokardiographie	0
EKG	Q0	Echokardiographiekontrolle	0
EKG	Q0	Echokardiographisch	0
EKG	Q0	echokardiographischen	0
EKG	Q0	Echokaridographie	0
EKG	Q0	EK	0
EKG	Q0	EKFG	0
EKG	Q0	EKGs	0
EKG	Q0	EKs	0
EKG	Q0	EKZ	0
EKG	Q0	Endokrinologie	0
EKG	Q0	Holter	0
EKG	Q0	Mitgebrachte Befunde	0
EKG	Q0	Schrittmacheraktivität	0
EKG's	Q0	Elektrokardiogramms	2
EKG's	Q0	Echkardiographie	0
EKG's	Q0	Echokardiogramm	0
EKG's	Q0	Echokardiographie	0
EKG's	Q0	Echokardiographiekontrolle	0
EKG's	Q0	Echokardiographisch	0
EKG's	Q0	echokardiographischen	0
EKG's	Q0	Echokaridographie	0
EKG's	Q0	Endokrinologie	0
EST	Q0	Extrasystolen	2
EST	Q0	Endstrecken	1
EST	Q0	bifaszik Block	0
EST	Q0	Endstr	0
EST	Q0	Endstr konkor	0
EST	Q0	Endstrdcken	0
EST	Q0	Enstrecken	0
EST	Q0	Erregungsleitungszeiten	0
EST	Q0	ESK	0
EST	Q0	ESST	0
EST	Q0	EST konk	0
EST	Q0	ESTo	0
EST	Q0	ESTR	0
EST	Q0	ESTRST	0
EST	Q0	PNV rSr	0
EST	Q0	RSR	0
EST	Q0	Endstrec	-1
EST	Q0	Endstrecke	-1
EZ	Q0	Ernährungszustand	2
EZ	Q0	adip	0
EZ	Q0	adipös	0
EZ	Q0	adipösem	0
EZ	Q0	AEZ	0
EZ	Q0	AEZ C	0
EZ	Q0	Elektrodenbezogene	0
EZ	Q0	elektrodenbezogene	0
EZ	Q0	Embolisationszeichen	0
EZ	Q0	exzentrisch	0
EZ	Q0	Exzibial	0
EZ	Q0	klar orientiert	0
EZ	Q0	orientiert	0
EZ	Q0	voll orientiert	0
EZ	Q0	wach orientiert	0
EZ	Q0	eineiige Zwillinge	-1
FA	Q0	Facharzt	2
FA	Q0	Fachärztin	2
FA	Q0	Fachärzten	1
FA	Q0	Facharztkontrollen	1
FA	Q0	fachärztliche	1
FA	Q0	Flimmerarrhythmie	1
FA	Q0	Dermatologen	0
FA	Q0	Fachinfo	0
FA	Q0	FACS	0
FA	Q0	Flimmerarrh	0
FA	Q0	Folgejahren	0
FA	Q0	fortan	0
FA	Q0	Fußballspiel	0
FA	Q0	Innere	0
FA	Q0	Internistin	0
FA	Q0	LFA	0
FA	Q0	Lungenfacharzt	0
FA	Q0	niedergelassenen Facharzt	0
FA	Q0	tcFA	0
FA	Q0	VFA	0
FA	Q0	Familienanamnese	-1
FA	Q0	Fasciculus arcuatus	-1
FCDS	Q0	farbcodierte Duplexsonografie	2
FCDS	Q0	farbkodierte Duplexsonografie	2
FCDS	Q0	FC	0
FCDS	Q0	FCDS MORPHOLOGIE	0
FCDS	Q0	FCDS Rechts	0
FCDS	Q0	FCDS RI	0
FCDS	Q0	FCDS venös	0
FCDS	Q0	Halsgefäße	0
FCDS	Q0	Leiste	0
FCDS	Q0	MRA	0
FCDS	Q0	Sonographie	0
FL	Q0	fortgeleitet	2
FL	Q0	fortgeleitetes	2
FL	Q0	Fortleitung	2
FL	Q0	Fehllage	1
FL	Q0	bud	0
FL	Q0	cresendo decresendo	0
FL	Q0	Fettstoffwechselkontrolle	0
FL	Q0	Fleckförmig	0
FL	Q0	Fleckförmige	0
FL	Q0	Fleckförmige Marklagerhypodensitäten	0
FL	Q0	Fleckförmiges	0
FL	Q0	Flüssigkeitsansammlung	0
FL	Q0	LQTS	0
FL	Q0	MCL	0
FL	Q0	metallischem Beiklang	0
FL	Q0	ML	0
FL	Q0	NHL	0
FL	Q0	normocard raues	0
FL	Q0	SPIRIVA	0
FL	Q0	weiches	0
FL	Q0	Figulla	-1
FL	Q0	Figulla Flex	-1
FL	Q0	FigullaFlex	-1
GERD	Q0	gastroesophageal reflux disease	2
GERD	Q0	Gastroesophageal Reflux Disease	2
GERD	Q0	gastroösophageale Refluxerkrankung	1
GERD	Q0	Gastroösophageale Refluxkrankheit	1
GERD	Q0	Cholelithiasis	0
GERD	Q0	Divertikulose	0
GERD	Q0	Gemischte Hyperlipidämie	0
GERD	Q0	Glucoseintoleranz Hypertriglyceridämie	0
GERD	Q0	Hämorrhoiden	0
GERD	Q0	Kolondivertikel	0
GERD	Q0	Leberparenchymschaden	0
GERD	Q0	LPS	0
GERD	Q0	pAVK IIb	0
GERD	Q0	uninodosa dext	0
GERD	Q0	zAVK	0
GERD	Q0	zAVKI	0
GGT	Q0	Gamma-Glutamyl-Transferase	2
GGT	Q0	Gamma-Glutamyltransferase	2
GGT	Q0	Gamma-GT	2
GGT	Q0	ALT	0
GGT	Q0	Gefäß Erkrankung mit Hauptstammbeteiligung	0
GGT	Q0	Gesamttageswert	0
GGT	Q0	GGZ	0
GGT	Q0	GT	0
GGT	Q0	LDH	0
GGT	Q0	MB	0
GGT	Q0	Myoglobin	0
GGT	Q0	y GT	0
GGT	Q0	γ-Glutamyltransferase	0
GOT	Q0	Glutamat-Oxalacetat-Transaminase	2
GOT	Q0	Glutamat-Oxalat-Transaminase	2
GOT	Q0	CKMBÐÐ	0
GOT	Q0	EOT	0
GOT	Q0	Gefäß Erkrankung die interventionsbedürftige	0
GOT	Q0	Ges Cholesterin	0
GOT	Q0	geschlossen Uterus	0
GOT	Q0	Gliose epiretinal	0
GOT	Q0	Glomerulonephritis	0
GOT	Q0	Harnst	0
GOT	Q0	IOT	0
GOT	Q0	kapillär pOÐ	0
GOT	Q0	OT	0
GOT	Q0	POT	0
GOT	Q0	QUICK	0
GOT	Q0	RVOT	0
GOT	Q0	Transferrin	0
HA	Q0	Hausarzt	2
HA	Q0	HAusarzt	2
HA	Q0	Hausarztes	2
HA	Q0	Hausärztin	2
HA	Q0	Herzaktion	2
HA	Q0	AHA	0
HA	Q0	behandelnden Arzt	0
HA	Q0	Harnkontrolle	0
HA	Q0	Harnlassen	0
HA	Q0	Harnstreifen	0
HA	Q0	Hausarzt regelmässige	0
HA	Q0	Hometrainerfahren	0
HA	Q0	niedergel FA	0
HA	Q0	niedergelassenen Kardiologen	0
HA	Q0	niedergelassenen Orthopäden	0
HA	Q0	NXHA	0
HA	Q0	Urologen	0
HA	Q0	VFHA	0
HA	Q0	Hämagglutinin	-1
HA	Q0	Hauszahnarzt	-1
HA	Q0	Hautfacharzt	-1
HA	Q0	Hepatitis A	-1
HA	Q0	Herzarbeit	-1
HA	Q0	Humanalbumin	-1
HCT	Q0	Hydrochlorothiazid	2
HCT	Q0	Amilostad HCT	0
HCT	Q0	Diovan	0
HCT	Q0	Exforge HCT	0
HCT	Q0	Furohexal	0
HCT	Q0	HDL Cholesterin	0
HCT	Q0	HerzschutzASS	0
HCT	Q0	Hydrocortone	0
HCT	Q0	Losartan	0
HCT	Q0	Metohexal	0
HCT	Q0	Rasilez HCT	0
HCT	Q0	Sevicar HCT	0
HCT	Q0	Sevikar HCT	0
HCT	Q0	Spirobene	0
HDL	Q0	High Density Lipoprotein	2
HDL	Q0	High-density Lipoprotein	2
HDL	Q0	Chol	1
HDL	Q0	Cholesterin	0
HDL	Q0	DL	0
HDL	Q0	Haldol	0
HDL	Q0	Handelsname	0
HDL	Q0	HD	0
HDL	Q0	LDh	0
HDL	Q0	LDL	0
HDL	Q0	LDL Chol	0
HDL	Q0	Trigl	0
HDL	Q0	VLDL	0
HF	Q0	Herzfrequenz	2
HF	Q0	Herzfrequenzen	2
HF	Q0	Herzschlagfrequenz	2
HF	Q0	Puls	1
HF	Q0	Ausbelastung	0
HF	Q0	Blutdruckanstieg	0
HF	Q0	ÐHF	0
HF	Q0	Frequenz	0
HF	Q0	Harnstoff	0
HF	Q0	Häufung	0
HF	Q0	Herzfrequenzanstieg	0
HF	Q0	Herzfrequenzanstieges	0
HF	Q0	Herzfrequenzspektrum	0
HF	Q0	Hf	0
HF	Q0	HFPEF	0
HF	Q0	HFT	0
HF	Q0	nfVHF	0
HF	Q0	tcVHF	0
HF	Q0	Hämofiltration	-1
HF	Q0	Herzfrequenzspectrum	-1
HG	Q0	Herzgeräusch	2
HG	Q0	Herzgeräusche	2
HG	Q0	Hörgeräte	1
HG	Q0	AGs	0
HG	Q0	arrh tc	0
HG	Q0	DLCOcVA	0
HG	Q0	Geräusch	0
HG	Q0	Halsregion	0
HG	Q0	HGs	0
HG	Q0	Hirnarterien sonografisch	0
HG	Q0	Hirnarterien sonographisch	0
HG	Q0	höhergradigen Rhythmusstörungen	0
HG	Q0	path Herzgeräusche	0
HG	Q0	Pericardreiben	0
HG	Q0	pHG	0
HG	Q0	RGs	0
HG	Q0	Herzgröße	-1
HG	Q0	Hirnorgan	-1
HLP	Q0	Hyperlipoproteinämie	2
HLP	Q0	Hyperlipidämie	1
HLP	Q0	Hyperlpipidämie	1
HLP	Q0	Depressio	0
HLP	Q0	et nodosa	0
HLP	Q0	HLO	0
HLP	Q0	Hochgr Aortenklappenstenose	0
HLP	Q0	Hyperlipidämie Hyperbetalipoproteinämie	0
HLP	Q0	Hyperlipidämien	0
HLP	Q0	Hyperuricämie	0
HLP	Q0	Hypolipoproteinämie	0
HLP	Q0	IDDM	0
HLP	Q0	kombinierte Hyperlipidämie	0
HLP	Q0	Metabolisches Syndrom	0
HLP	Q0	NIDDM	0
HLP	Q0	Struma uninodosa	0
HLP	Q0	Hyperbetalipoproteinämie	-1
HNAP	Q0	Hirnnervenaustrittspunkte	2
HNAP	Q0	Collum	0
HNAP	Q0	Halslymphknoten Trigeminusaustrittspunkte	0
HNAP	Q0	Halsvenen Karotispuls	0
HNAP	Q0	Halsvenen Karotispulse	0
HNAP	Q0	Harn makroskopisch	0
HNAP	Q0	HNAB	0
HNAP	Q0	HNAP frei	0
HNAP	Q0	Meningismus HNAP	0
HNAP	Q0	Pup	0
HNAP	Q0	Pupillen	0
HNAP	Q0	SD palpabel	0
HNAP	Q0	Skleren	0
HNAP	Q0	Zunge	0
HPT	Q0	Hyperparathyreoidismus	2
HPT	Q0	Hyperparathyreodismus	1
HPT	Q0	ACC Hardplaques	0
HPT	Q0	ACI Hardplaques	0
HPT	Q0	diabetische PNP	0
HPT	Q0	enzymatisch	0
HPT	Q0	hämorrh Pangastritis	0
HPT	Q0	Hardplaquebildung regelrechtes	0
HPT	Q0	Hepatitismarker	0
HPT	Q0	Hepatozelluläres	0
HPT	Q0	Herzkrankheit operata	0
HPT	Q0	hiläres lymphatisches	0
HPT	Q0	HP	0
HPT	Q0	HP regelrechts	0
HPT	Q0	HPL	0
HPT	Q0	Hypertension portal	0
HPT	Q0	Hypertrophie des li Ventrikel	0
HPT	Q0	Hypoplastisches	0
HPT	Q0	Hypothyreose latent	0
HPT	Q0	IIIa	0
HPT	Q0	PHP	0
HPT	Q0	Quervain	0
HPT	Q0	senilis	0
HPT	Q0	Hypertonie Pulm Hypertonus	-1
HPT	Q0	Hypertonikum	-1
HT	Q0	Herzton	2
HT	Q0	Herztöne	2
HT	Q0	Hypertonie	1
HT	Q0	ganz leises	0
HT	Q0	Herz auskultatorisch	0
HT	Q0	Herzaktion arhythmisch	0
HT	Q0	Herzaktion rhythm	0
HT	Q0	Holosystolikum	0
HT	Q0	Ht	0
HT	Q0	HTC	0
HT	Q0	HTN	0
HT	Q0	HTN HLP	0
HT	Q0	leises	0
HT	Q0	rhy	0
HT	Q0	rhy nc	0
HT	Q0	SHT	0
HT	Q0	Hyperparathyreoithismus	-1
HT	Q0	Hypertonicum	-1
HT	Q0	hypertonicum	-1
HT	Q0	Hypertonikum	-1
HT	Q0	Hypertonus	-1
HWS	Q0	Halswirbelsäule	2
HWS	Q0	BWS	0
HWS	Q0	BWS LWS	0
HWS	Q0	CT Gehirnschädel	0
HWS	Q0	ÐÐÐÐÐÐÐÐÐ	0
HWS	Q0	Halsweichteile	0
HWS	Q0	Hände	0
HWS	Q0	Harnblasenwand	0
HWS	Q0	Herzauswertung	0
HWS	Q0	Herzschrittmachers Zweikammersystem	0
HWS	Q0	Hiatushernie Downhill	0
HWS	Q0	hierfür notwendigen	0
HWS	Q0	Hirnbasisarterien Ausweitung	0
HWS	Q0	HWS CÐ	0
HWS	Q0	LWS	0
HWS	Q0	Spondylose	0
HWS	Q0	WS	0
ICD	Q0	Implantierbarer Kardioverter-Defibrillator	2
ICD	Q0	International Statistical Classification of Diseases	1
ICD	Q0	AICD	0
ICD	Q0	CCM	0
ICD	Q0	CRT	0
ICD	Q0	FSCD	0
ICD	Q0	ICB	0
ICD	Q0	iCD	0
ICD	Q0	ICDs	0
ICD	Q0	induzierb Kammertachykardien	0
ICD	Q0	induzierbaren Kammertachykardien	0
ICD	Q0	Reveal	0
ICD	Q0	Schrittmacher	0
ICD	Q0	SM	0
IDDM	Q0	Insulin Dependant Diabetes Mellitus	2
IDDM	Q0	Insulin-dependent diabetes mellitus	2
IDDM	Q0	Diabetische	1
IDDM	Q0	Insulinabhängiger Diabetes Mellitus	1
IDDM	Q0	Gemischte	0
IDDM	Q0	HLP	0
IDDM	Q0	Hyperlipidämien	0
IDDM	Q0	NÐÐ Prostatahyperplasie	0
IDDM	Q0	NID	0
IDDM	Q0	NIDDM	0
IDDM	Q0	NIDDM non	0
IDDM	Q0	TÐDM	0
IE	Q0	Internationale Einheiten	2
IE	Q0	Einheiten	1
IE	Q0	International Unit	1
IE	Q0	ÐÐIE	0
IE	Q0	ÐIE	0
IE	Q0	ÐIE ÐIE	0
IE	Q0	dl ÐIE	0
IE	Q0	iger Stenosierung	0
IE	Q0	Imurec	0
IE	Q0	Imurek	0
IE	Q0	Incresync	0
IE	Q0	Inegy	0
IE	Q0	inhalationem	0
IE	Q0	Iohexol	0
IE	Q0	Iomeprol	0
IE	Q0	Irenat Tropfen	0
IE	Q0	Isoprotarenol	0
IE	Q0	Isuprel	0
IE	Q0	Iterium	0
IE	Q0	Ixel	0
IE	Q0	Kalz	0
IE	Q0	Novomix	0
IE	Q0	NovoMix	0
INR	Q0	International Normalized Ratio	2
INR	Q0	IE Novorapid	0
INR	Q0	INEGY	0
INR	Q0	Infektfreiheit	0
INR	Q0	INH	0
INR	Q0	INRs	0
INR	Q0	Insora	0
INR	Q0	Inspra	0
INR	Q0	Insulartad	0
INR	Q0	Insulatard	0
INR	Q0	Insulin	0
INR	Q0	Insulin Mixtard	0
INR	Q0	Insulinbedarf	0
INR	Q0	Intensiviertes Risikofaktorenmanagement insbesondere regelm	0
INR	Q0	Internisten strenge	0
INR	Q0	Intervention	0
INR	Q0	Pass	0
INR	Q0	Paß	0
INR	Q0	PZ INR	0
INR	Q0	Ziel INR	0
KHK	Q0	koronare Herzerkrankung	2
KHK	Q0	Koronare Herzkrankheit	2
KHK	Q0	koronare Herzkrankheit	2
KHK	Q0	koronaren Herzerkrankung	2
KHK	Q0	koronaren Herzkrankheit	2
KHK	Q0	koronarer Herzerkrankung	2
KHK	Q0	koronare	1
KHK	Q0	ARVD	0
KHK	Q0	AST	0
KHK	Q0	ischäm CMP	0
KHK	Q0	Kammertachykardie	0
KHK	Q0	Kammertachykardien	0
KHK	Q0	kHK	0
KHK	Q0	KHk	0
KHK	Q0	KHKÐ	0
KHK	Q0	KHKI	0
KHK	Q0	KHKII	0
KHK	Q0	Knotenreentrytachykardie	0
KHK	Q0	koronare Dreistammerkrankung	0
KHK	Q0	koronarem Übersichtskalk	0
KHK	Q0	koronarer Übersichtskalk	0
KHK	Q0	koronarerer Übersichtskalk	0
KHK	Q0	Krankheit Sklerose	0
KHK	Q0	koronare Dreigefäßerkrankung	-1
KHK	Q0	koronare Eingefäßerkrankung	-1
KHK	Q0	koronare Zweigefäßerkrankung	-1
KHKIII	Q0	AVIII	0
KHKIII	Q0	Herzdekompensation	0
KHKIII	Q0	HNOCM	0
KHKIII	Q0	KHK	0
KHKIII	Q0	KHKÐ	0
KHKIII	Q0	KHKI	0
KHKIII	Q0	KHKII	0
KHKIII	Q0	Koronare Herzkrankheit drei	0
KHKIII	Q0	Koronare Herzkrankheit dritten Grades	0
KHKIII	Q0	nichttransmuraler Myokardinfarkt	0
KHKIII	Q0	ovale offen	0
KHKIII	Q0	Transmuraler Myokardinfarkt	0
KM	Q0	Kontrastmittel	2
KM	Q0	Knoten Modulation	1
KM	Q0	Kontrastmittelenhancement	1
KM	Q0	Kontrastmittelstudie	1
KM	Q0	ÐÐh hier	0
KM	Q0	fieberhaftem Infekt	0
KM	Q0	Inferoseptalwand	0
KM	Q0	Insuspekter inguinaler	0
KM	Q0	Keilförmiger subsegmentaler	0
KM	Q0	Kompressionsverband	0
KM	Q0	Kontrastmittelabfluss	0
KM	Q0	Kontrastmittelrückstau	0
KM	Q0	koronarer Einstammerkrankung	0
KM	Q0	Nachweis diffusionspositiver	0
KM	Q0	Nachweis größerer	0
KM	Q0	Nachweis rezenter	0
KM	Q0	plötzlicher Herztod	0
KM	Q0	regionaler Wandbewegungsstörungen	0
KM	Q0	Ruheperfusionsdefektes	0
KM	Q0	kombiniertem	-1
KM	Q0	Konkrementnachweis	-1
LAD	Q0	Left anterior descending	2
LAD	Q0	Ramus interventricularis anterior	1
LAD	Q0	AD	0
LAD	Q0	ALA	0
LAD	Q0	CX	0
LAD	Q0	ÐLAD	0
LAD	Q0	LADÐ	0
LAD	Q0	LADÐx	0
LAD	Q0	langstreckig diffus	0
LAD	Q0	lebenslange Dauertherapie	0
LAD	Q0	lebenslängliche Dauertherapie	0
LAD	Q0	left anterior descending	0
LAD	Q0	Loading	0
LAD	Q0	mLAD	0
LAD	Q0	OM	0
LAD	Q0	PLA	0
LAD	Q0	RCA	0
LAD	Q0	Längsausdehnung	-1
LAD	Q0	Lymphadenektomie	-1
LCA	Q0	left coronary artery	2
LCA	Q0	linke Koronararterie	2
LCA	Q0	dominantes Gefäß	0
LCA	Q0	ÐxPTCA	0
LCA	Q0	füllt	0
LCA	Q0	Iliacalgefäße	0
LCA	Q0	Kollateralen	0
LCA	Q0	LADPCI	0
LCA	Q0	langstreckig	0
LCA	Q0	Looprecorderimplantation	0
LCA	Q0	PCA	0
LCA	Q0	PTCA	0
LCA	Q0	RCA	0
LDL	Q0	Low Density Lipoprotein	2
LDL	Q0	Chol	1
LDL	Q0	Cholesterin	1
LDL	Q0	DL	0
LDL	Q0	HDL	0
LDL	Q0	LDh	0
LDL	Q0	LDL Zielwert	0
LDL	Q0	Lipidkontrollen	0
LDL	Q0	Ludiomil	0
LDL	Q0	VLDL	0
LDL	Q0	Ziel LDL	0
LDL	Q0	Zielwert	0
LKH	Q0	Landeskrankenhaus	2
LKH	Q0	Eggenberg	0
LKH	Q0	Graz Süd	0
LKH	Q0	KH	0
LKH	Q0	lakunäre Defekte	0
LKH	Q0	lakunärer Defekt	0
LKH	Q0	LKh	0
LKH	Q0	LKH Hartberg	0
LKH	Q0	LKH Hörgas	0
LKH	Q0	LKN	0
LKH	Q0	LKs	0
LKH	Q0	LKW	0
LKH	Q0	Lokalanästhesie	0
LKH	Q0	UKH	0
LSB	Q0	Linksschenkelblock	2
LSB	Q0	Linksschenkelblockbild	1
LSB	Q0	Schenkelblockbild	1
LSB	Q0	inkompl LSB	0
LSB	Q0	Limitierte Schallbedingungen	0
LSB	Q0	linksant Hemiblock	0
LSB	Q0	linksanteriorer Hemiblock	0
LSB	Q0	Linksanteriorer Hemiblock	0
LSB	Q0	Linksbelastung	0
LSB	Q0	Linksbelastungszeichen	0
LSB	Q0	LSA	0
LSB	Q0	LSB Bild	0
LSB	Q0	LSB Left	0
LSB	Q0	LSL	0
LSB	Q0	LSPV	0
LSB	Q0	neg Konkordanz	0
LSB	Q0	RSB	0
LV	Q0	linker Ventrikel	2
LV	Q0	linker Ventrikel -	2
LV	Q0	Linksventrikulär	2
LV	Q0	linksventrikuläre	2
LV	Q0	Linksventrikuläre	2
LV	Q0	linksventrikulärer	2
LV	Q0	Linksventrikuläres	2
LV	Q0	li Ventrikel	1
LV	Q0	Linksventr	1
LV	Q0	linksventr	1
LV	Q0	linksventrik	1
LV	Q0	Linksventrikelfunktion	1
LV	Q0	LInksventrikelfunktion	1
LV	Q0	diast	0
LV	Q0	konz	0
LV	Q0	Linksventrikelhypertrophie	0
LV	Q0	linksventrikulären Volumina	0
LV	Q0	LVD	0
LV	Q0	LVMI	0
LV	Q0	LVMM	0
LV	Q0	LVPW	0
LV	Q0	PLV	0
LV	Q0	RV	0
LV	Q0	TAPSE	0
LVEF	Q0	linksventrikuläre Ejection Fraction	2
LVEF	Q0	li ventrikuläre Auswurffraktion	1
LVEF	Q0	Linksventrikelfunktion	1
LVEF	Q0	LInksventrikelfunktion	1
LVEF	Q0	linksventrikuläre Auswurffraktion	1
LVEF	Q0	Auswurffraktion	0
LVEF	Q0	EF	0
LVEF	Q0	linksventrikuläre Pumpfunktion	0
LVEF	Q0	Linskventrikelfunktion	0
LVEF	Q0	LVE	0
LVEF	Q0	LVED	0
LVEF	Q0	LVEDD	0
LVEF	Q0	LVEF knapp	0
LVEF	Q0	LVESD	0
LVEF	Q0	LVF	0
LVEF	Q0	Simpson	0
LVH	Q0	linker ventrikel - Hypertrophie	2
LVH	Q0	Linksventrikelhypertrophie	2
LVH	Q0	linksventrikuläre Hypertrophie	2
LVH	Q0	Linksventrikuläre Hypertrophie	2
LVH	Q0	linksventrikulärer Herzhypertrophie	2
LVH	Q0	LV Hypertrophie	1
LVH	Q0	diastolischer Relaxationsstörung	0
LVH	Q0	erhalt	0
LVH	Q0	HK apikoseptal	0
LVH	Q0	HK apikoseptale	0
LVH	Q0	Linksventriculographie	0
LVH	Q0	Linksventrikelfunktion	0
LVH	Q0	Linksventrikolographie	0
LVH	Q0	linksventrikuläre Pumpfunktion	0
LVH	Q0	linksventrikulären Herzwände	0
LVH	Q0	Linksventrikulographie	0
LVH	Q0	LVAD	0
LVH	Q0	LVD	0
LVH	Q0	LVFunktion	0
LVH	Q0	LVPW	0
LVH	Q0	NVH	0
LVH	Q0	paradoxe Septumbewegung	0
MF	Q0	Mittelfeld	2
MF	Q0	Mittelfeldes	2
MF	Q0	Mittelfelds	2
MF	Q0	frontal	0
MF	Q0	Lungenunterfeld	0
MF	Q0	Mediainfarkt	0
MF	Q0	Mediainfarktes	0
MF	Q0	Minderbelüftung	0
MF	Q0	Minderbelüftungsareale	0
MF	Q0	mittels Cathofix	0
MF	Q0	Mycosis fungoides	0
MF	Q0	OF	0
MF	Q0	OSG	0
MF	Q0	UA	0
MF	Q0	UF	0
MF	Q0	UFH	0
MF	Q0	UL	0
MF	Q0	Unterfeld	0
MF	Q0	Multiple fleckförmig	-1
MINS	Q0	Mitralinsuff	2
MINS	Q0	Mitralinsuffizienz	2
MINS	Q0	Mitralklappeninsuffizienz	2
MINS	Q0	Mitralinsuffienz	1
MINS	Q0	Mitralinsuffizeinz	1
MINS	Q0	Mitralinsuffzienz	1
MINS	Q0	AINS	0
MINS	Q0	MIN	0
MINS	Q0	Mins	0
MINS	Q0	MINs	0
MINS	Q0	MINSÐ	0
MINS	Q0	Mitralklappensklerose	0
MINS	Q0	Mitralringverkalkung	0
MINS	Q0	Mitralsegel minimal	0
MINS	Q0	Mitralstenose	0
MINS	Q0	PINS	0
MINS	Q0	PUINS	0
MINS	Q0	Trikuspidalklappeninsuffizienz	0
MINS	Q0	TRINS	0
NINS	Q0	Niereninsuff	2
NINS	Q0	Niereninsuffizienz	2
NINS	Q0	NIereninsuff	1
NINS	Q0	Niereninsuffizenz	1
NINS	Q0	Niereninsuffzienz	1
NINS	Q0	Chronische Niereninsuffizienz	0
NINS	Q0	COLD	0
NINS	Q0	COPD	0
NINS	Q0	dialysepfl NINS	0
NINS	Q0	Niereninsuffizienz CKD	0
NINS	Q0	Niereninsuffizienz kompensiert	0
NINS	Q0	Nierenversagen	0
NINS	Q0	Nikotinabusus	0
NINS	Q0	NINS CKD	0
NINS	Q0	Polyneuropathie	0
NSTEMI	Q0	Non ST-Elevated Myocardial Infarction	2
NSTEMI	Q0	non-ST-elevation-infarction	2
NSTEMI	Q0	Myokardinfarkt	1
NSTEMI	Q0	Nicht-ST-Hebungs-Myokardinfarkt	1
NSTEMI	Q0	ACS	0
NSTEMI	Q0	EMI	0
NSTEMI	Q0	hypertensiver Entgleisung	0
NSTEMI	Q0	NSETEMI	0
NSTEMI	Q0	NSTEMINSTEMI	0
NSTEMI	Q0	NSTEMIs	0
NSTEMI	Q0	ST Hebungsinfarkt	0
NSTEMI	Q0	STEMI	0
NSVT	Q0	non-sustained ventricular tachycardia	2
NSVT	Q0	nichtanhaltende ventrikuläre Tachykardie	1
NSVT	Q0	ÐNSVT	0
NSVT	Q0	ÐxNSVT	0
NSVT	Q0	nsVT	0
NSVT	Q0	nsVt	0
NSVT	Q0	NSVTs	0
NSVT	Q0	nsVTs	0
NSVT	Q0	pSVT	0
NSVT	Q0	PSVT	0
NSVT	Q0	run	0
NSVT	Q0	SVT	0
NSVT	Q0	VT	0
NTX	Q0	Nierentransplantation	2
NTX	Q0	Hämatomausräumung	0
NTX	Q0	LTX	0
NTX	Q0	Mitraclip	0
NTX	Q0	MTX	0
NTX	Q0	N recti	0
NTX	Q0	Nebenhodenentzündung	0
NTX	Q0	Nekrektomie	0
NTX	Q0	Neo recti	0
NTX	Q0	Neo testis	0
NTX	Q0	Nephrektomie	0
NTX	Q0	Nephrolithiasis	0
NTX	Q0	Nephrostoma	0
NTX	Q0	NSETEMI	0
NTX	Q0	NSTEMI	0
NTX	Q0	PTSMA	0
NTX	Q0	RTX	0
NTX	Q0	TURP	0
NTX	Q0	TX	0
NYHA	Q0	New York Heart Association	2
NYHA	Q0	AHA	0
NYHA	Q0	CCS	0
NYHA	Q0	EHRA	0
NYHA	Q0	HYHA	0
NYHA	Q0	NXHA	0
NYHA	Q0	NYHAIII	0
NYHA	Q0	stabiles Zustandsbild	0
OA	Q0	Oberarzt	2
OA	Q0	oraler Antikoagulation	1
OA	Q0	Doz	0
OA	Q0	Doz Dr	0
OA	Q0	Dr	0
OA	Q0	Elisabeth	0
OA	Q0	OA Dr	0
OA	Q0	Oberbauchsono	0
OA	Q0	Olaf	0
OA	Q0	Olbetam	0
OA	Q0	Optionen ausführlich	0
OA	Q0	Ordination	0
OA	Q0	ordination	0
OA	Q0	PD Dr	0
OA	Q0	Prof	0
OA	Q0	Oberarm	-1
OA	Q0	occipito-anterior	-1
OA	Q0	Osteoarthritis	-1
OAK	Q0	orale Antikoagulanzien	2
OAK	Q0	orale Antikoagulation	2
OAK	Q0	Orale Antikoagulation	2
OAK	Q0	orale Antikoagulationstherapie	2
OAK	Q0	oralen Antikoagulation	2
OAK	Q0	oralen Antikoagulationstherapie	2
OAK	Q0	oraler Antikoagulation	2
OAK	Q0	orale Antikougulation	1
OAK	Q0	Antikoagulation	0
OAK	Q0	DOAK	0
OAK	Q0	Kardioversion	0
OAK	Q0	Marcoumartherapie	0
OAK	Q0	NMH	0
OAK	Q0	NOAK	0
OAK	Q0	OP Tauglichkeit	0
OAK	Q0	Sedacorontherapie	0
ÖF	Q0	Öffnungsfläche	2
ÖF	Q0	Öffnung	1
ÖF	Q0	Öffnungs	1
ÖF	Q0	Öffnungsfl	1
ÖF	Q0	AÖF	0
ÖF	Q0	AÖFÐ	0
ÖF	Q0	Aortenöffnungsfläche	0
ÖF	Q0	É	0
ÖF	Q0	einmalige Episode	0
ÖF	Q0	Klappenöffnungsfläche	0
ÖF	Q0	KÖF	0
ÖF	Q0	MI FR	0
ÖF	Q0	MÖF	0
ÖF	Q0	Öffnungsbewegung	0
ÖF	Q0	TRÖF	0
OM	Q0	obtuse marginal branch	2
OM	Q0	abnorme Arterie	0
OM	Q0	ALA	0
OM	Q0	CX	0
OM	Q0	Cx	0
OM	Q0	ÐCX	0
OM	Q0	Oberarmmanschette	0
OM	Q0	Okkludierender Thrombus	0
OM	Q0	OMF	0
OM	Q0	Osteosynthesemetall	0
OM	Q0	Ostiums	0
OM	Q0	Ostiumstenose	0
OM	Q0	PLA	0
OM	Q0	RCA	0
OM	Q0	RCX	0
OP	Q0	Operation	2
OP	Q0	operative	2
OP	Q0	operativen	2
OP	Q0	operativer	2
OP	Q0	Bypassoperation	0
OP	Q0	femorocruraler	0
OP	Q0	LOOP	0
OP	Q0	offene Bypässe	0
OP	Q0	Op	0
OP	Q0	OPAv	0
OP	Q0	Operationstermin	0
OP	Q0	operativer Klappenersatz	0
OP	Q0	OPS	0
OP	Q0	OPSI	0
OP	Q0	OS Amputation	0
OP	Q0	Risiko op	0
OP	Q0	Sanierung	0
OP	Q0	ZOP	0
OP	Q0	Operata	-1
OP	Q0	Operationsnarbe	-1
OP	Q0	Operationsrisiko	-1
OP	Q0	Operationssaal	-1
OP	Q0	Originalpackung	-1
PAE	Q0	Pulmonalarterienembolie	2
PAE	Q0	Pulmonalarterien	1
PAE	Q0	Aortendissektion	0
PAE	Q0	CFAE	0
PAE	Q0	intrazerebrale Blutung	0
PAE	Q0	PAEs	0
PAE	Q0	Pankreatitis	0
PAE	Q0	Peritonealdialyse	0
PAE	Q0	Peroneusparese	0
PAE	Q0	Plantarvenenthrombose	0
PAE	Q0	Pleuraerguss Kein	0
PAE	Q0	Pleuraergüsse	0
PAE	Q0	pleuralen Ergüsse	0
PAE	Q0	Pleuropericardiale Adhäsionen	0
PAE	Q0	postmykarditis CMP bekannt	0
PAE	Q0	Prostataektomie	0
PAE	Q0	Prostatektomie	0
PAE	Q0	psychovegetative Entgleisung	0
PAE	Q0	Schädelfraktur	0
PAE	Q0	segmentale PAE	0
PAE	Q0	TE	0
PAE	Q0	TVT	0
PAE	Q0	zentrale	0
PAP	Q0	Pulmonary Artery Pressure	2
PAP	Q0	pulmonalart Druck	1
PAP	Q0	Pulmonalarteriendruck	1
PAP	Q0	Pulmonaldruck	1
PAP	Q0	Pulmonalisdruck	1
PAP	Q0	Pulmonalsidruck	1
PAP	Q0	Abstrich nach Papanicolaou	0
PAP	Q0	CPAP	0
PAP	Q0	Farbdoppelechokardiographie	0
PAP	Q0	Farbdopplerechokardiographie	0
PAP	Q0	OSAS CPAP	0
PAP	Q0	Pap	0
PAP	Q0	PAP sys	0
PAP	Q0	PaPsys	0
PAP	Q0	PAPsyst	0
PAP	Q0	planimetrischund PHT	0
PAP	Q0	pulm art Hypertonie	0
PAP	Q0	Pulmonalishauptäste	0
PAP	Q0	Pulmonalklapp	0
PAP	Q0	PUlmonalklappe	0
PAP	Q0	Pulmonalklappe	0
PAP	Q0	Pulmonalklappeninsuffizienz	0
PAP	Q0	Pulmonalklappensklerose	0
PAP	Q0	sPAP	0
PAP	Q0	SPAP	0
PAVK	Q0	Periphere arterielle Verschlusskrankheit	2
PAVK	Q0	periphere arterielle Verschlusskrankheit	2
PAVK	Q0	CAVK	0
PAVK	Q0	cAVK	0
PAVK	Q0	Chron NINS	0
PAVK	Q0	coel pAVK	0
PAVK	Q0	dialysepflichtige NINS	0
PAVK	Q0	HWI Harnwegsinfekt	0
PAVK	Q0	paVK	0
PAVK	Q0	PAVK IIb	0
PAVK	Q0	Prostatahypertrophie	0
PAVK	Q0	vAVK	0
PCI	Q0	Percutaneous coronary intervention	2
PCI	Q0	Perkutane koronare Intervention	2
PCI	Q0	Perkutane Koronarintervention	2
PCI	Q0	forcierte Diurese	0
PCI	Q0	Fortschreitens	0
PCI	Q0	LAA occlusion	0
PCI	Q0	passageren Schrittmachers	0
PCI	Q0	PC	0
PCI	Q0	PCG	0
PCI	Q0	PCO	0
PCI	Q0	PCP	0
PCI	Q0	PCSK	0
PCI	Q0	Pericarditis	0
PCI	Q0	Pericarditis constrictiva	0
PCI	Q0	Plaque culprit	0
PCI	Q0	Plättchentherapie	0
PCI	Q0	Plattenepithelcarcinoms	0
PCI	Q0	präop Coronarangio	0
PCI	Q0	PTCA	0
PCI	Q0	PTCA mit	0
PCI	Q0	Pulmonalklappenvalvulotomie	0
PCI	Q0	Redilatation	0
PCI	Q0	Stentimplantation	0
PCI	Q0	Stenting	0
PNP	Q0	Polyneuropathie	2
PNP	Q0	Polyneuropathiesyndrom	2
PNP	Q0	AVK IIb	0
PNP	Q0	Fieberhafter Infekt	0
PNP	Q0	GERD	0
PNP	Q0	kombinierte Hyperlipidämie	0
PNP	Q0	Laktoseintoleranz	0
PNP	Q0	mellitus insulinpflichtig	0
PNP	Q0	NINS komp	0
PNP	Q0	Panzytopenie	0
PNP	Q0	Präbetalipoproteinämie Hypercholesterinämie	0
PNP	Q0	primär systemisch	0
PNP	Q0	Pulmonale Hypertension	0
PNP	Q0	Pulmonalklappenstenose	0
PNP	Q0	Pyelonephritis	0
PNP	Q0	Reflux	0
PNP	Q0	uninodosa dext	0
PNP	Q0	Verschlusskrankheit	0
PRIND	Q0	prolongiertem reversiblem ischämischem neurologischen Defizit	2
PRIND	Q0	Prolongiertes reversibles ischämisches neurologisches Defizit	2
PRIND	Q0	apoplekt	0
PRIND	Q0	Cataract Op	0
PRIND	Q0	Forest	0
PRIND	Q0	IND	0
PRIND	Q0	INDIKATION EN	0
PRIND	Q0	Mehrfachstenting	0
PRIND	Q0	OBEREN	0
PRIND	Q0	ODER	0
PRIND	Q0	Perikardtamponade	0
PRIND	Q0	Peritonealdialyse	0
PRIND	Q0	Polymyelitis	0
PRIND	Q0	PRAXITEN	0
PTA	Q0	Perkutane transluminale Angioplastie	2
PTA	Q0	Perkutaner transluminaler Angioplastie	2
PTA	Q0	ACM	0
PTA	Q0	Embolektomie	0
PTA	Q0	Hernia ing	0
PTA	Q0	PCI Zustand nach Thrombendarteriektomie	0
PTA	Q0	PCTA	0
PTA	Q0	Plantarvenenthrombose	0
PTA	Q0	Polytrauma	0
PTA	Q0	Port a	0
PTA	Q0	Posteriorinfarkt	0
PTA	Q0	Posterolateralinfarkt	0
PTA	Q0	Prostataektomie	0
PTA	Q0	Prostatakarzinom	0
PTA	Q0	Prostataresektion	0
PTA	Q0	Prostatektomie	0
PTA	Q0	PT	0
PTA	Q0	PTCA LAD	0
PTA	Q0	PTH	0
PTA	Q0	PTPV	0
PTA	Q0	TEA	0
PTCA	Q0	perkutane transluminale coronare Angioplastie	2
PTCA	Q0	Perkutane Transluminale Koronare Angioplastie	2
PTCA	Q0	Bz	0
PTCA	Q0	ÐxPTCA	0
PTCA	Q0	Passagere Schrittmacherimplantantion	0
PTCA	Q0	PCI	0
PTCA	Q0	perkutanen Aortenklappenersatz	0
PTCA	Q0	Porth a Cath	0
PTCA	Q0	positiver Thaliummyokardszintigraphie	0
PTCA	Q0	primär erfolgreicher elektrischer Kardioversion	0
PTCA	Q0	primär erfolgreicher elektrischer Kardioversion am	0
PTCA	Q0	Privatklinik Ragnitz	0
PTCA	Q0	prophylaktischer ICD Implantation	0
PTCA	Q0	propter CABG	0
PTCA	Q0	PT	0
PTCA	Q0	PTCAs	0
PTCA	Q0	PTCI	0
PTCA	Q0	Redilatation	0
PTCA	Q0	Rekanalisation	0
PTCA	Q0	Stentimplant	0
PTCA	Q0	Stentimplantation	0
PUINS	Q0	Pulmonalinsuff	2
PUINS	Q0	Pulmonalinsuffizienz	2
PUINS	Q0	Pulmonalinsuffizikienz	2
PUINS	Q0	Pulmonalisinsuff	2
PUINS	Q0	Pulmonalisinsuffizienz	2
PUINS	Q0	Pulmonalklappeninsuffizienz	2
PUINS	Q0	Pulmonalinsuffzienz	1
PUINS	Q0	AINS	0
PUINS	Q0	AINSI	0
PUINS	Q0	Funktionsstörung	0
PUINS	Q0	Mins	0
PUINS	Q0	paravalvuläre Insuff	0
PUINS	Q0	paravalvuläre Insuffizienz	0
PUINS	Q0	phys PUINS	0
PUINS	Q0	physiolog PUINS	0
PUINS	Q0	PINS	0
PUINS	Q0	Trins	0
PUINS	Q0	TRINS	0
PUINS	Q0	physiolog Pulmonalinsuff	-1
RA	Q0	Rechtes Atrium	2
RA	Q0	rechtes Atrium	2
RA	Q0	Rechter Vorhof	1
RA	Q0	Alle Herzhöhlen	0
RA	Q0	EHRA	0
RA	Q0	konz	0
RA	Q0	LA	0
RA	Q0	RA LA	0
RA	Q0	Radiatio	0
RA	Q0	RAH	0
RA	Q0	RAMIPRIL	0
RA	Q0	Randsinus	0
RA	Q0	RAO	0
RA	Q0	Rechts Linksherzkatheter	0
RA	Q0	rechtsventr Volumenbelastung	0
RA	Q0	Rechtsventrikelfunktion TAPSE	0
RA	Q0	Rektal	0
RA	Q0	Restkontraktilität	0
RA	Q0	Restmyokard mäßig	0
RA	Q0	restriktive Ventilationsstörung	0
RA	Q0	rhythmusstabil	0
RA	Q0	RV dilatiert	0
RA	Q0	Vorhof	0
RA	Q0	refraktäre Anämie	-1
RCA	Q0	Rechte Coronararterie	2
RCA	Q0	Rechte Koronararterie	2
RCA	Q0	rechte Koronararterie	2
RCA	Q0	Rechtskoronararterienverschluss	1
RCA	Q0	ALA	0
RCA	Q0	CX	0
RCA	Q0	LAD	0
RCA	Q0	mLAD	0
RCA	Q0	OM	0
RCA	Q0	PLA	0
RCA	Q0	Rachenanästhesie	0
RCA	Q0	RCAÐ	0
RCA	Q0	RCX	0
RCA	Q0	rechtsatriale Isthmusablation	0
RCA	Q0	rechtsatrialem Vorhofflattern	0
RCA	Q0	Reizschwelle A	0
RCA	Q0	Rekanalisation	0
RCA	Q0	Rekanalisation Thrombusaspiration	0
RCA	Q0	Rekanalisationsversuch	0
RCA	Q0	Rhythmus Amb nach Bedarf	0
RG?s	Q0	Rasselgeräusche	2
RG?s	Q0	Raumforderungszeichen	0
RG?s	Q0	rege	0
RG?s	Q0	rege DGs	0
RG?s	Q0	regelrechte DGs	0
RG?s	Q0	regelrechte DGS	0
RG?s	Q0	Resistenz Vaginal	0
RG?s	Q0	Resistenzkategorie	0
RG?s	Q0	Rhyhtmusereginisse	0
RG?s	Q0	RW Ergüsse	0
RGs	Q0	Rasselgeräusche	2
RGs	Q0	AGs	0
RGs	Q0	EEGs	0
RGs	Q0	feuchte RGs	0
RGs	Q0	fRGs	0
RGs	Q0	HGs	0
RGs	Q0	pathol AGs	0
RGs	Q0	patholog Geräusche	0
RGs	Q0	pathologischen Geräusche	0
RGs	Q0	rege DGs	0
RGs	Q0	regelrechte DGs	0
RGs	Q0	regelrechte DGS	0
RGs	Q0	region Wandbewegungsstörungen	0
RGs	Q0	Resistenz Vaginal	0
RGs	Q0	Resistenzkategorie	0
RGs	Q0	RGS	0
RGs	Q0	Rgs	0
RGs	Q0	Rhyhtmusereginisse	0
RGs	Q0	RW Ergüsse	0
RGs	Q0	sonorer KS	0
RÖ	Q0	Röntgen	2
RÖ	Q0	Röntgenkontrolle	2
RÖ	Q0	röntg	1
RÖ	Q0	é	0
RÖ	Q0	Gerüstzeichnung beider	0
RÖ	Q0	Hd	0
RÖ	Q0	iBd	0
RÖ	Q0	Magenröntgen Lungenfunktionstest	0
RÖ	Q0	Maschine	0
RÖ	Q0	PNOMxRO	0
RÖ	Q0	Praeoperatives	0
RÖ	Q0	Repolarisationsstörung	0
RÖ	Q0	SEHSCHÄRFE	0
RÖ	Q0	unkl	0
RR	Q0	Riva-Rocci	2
RR	Q0	Arterieller Blutdruck	1
RR	Q0	Blutdruck	1
RR	Q0	blutdruck	1
RR	Q0	Caput	0
RR	Q0	Certralin	0
RR	Q0	ÐÐÐmmHg	0
RR	Q0	ÐÐRR	0
RR	Q0	Gas	0
RR	Q0	LDL	0
RR	Q0	regelmäßiger Blutdruckkontrolle	0
RR	Q0	Regelrechter Blutdruckanstieg	0
RR	Q0	regelrechter Blutdruckanstieg	0
RR	Q0	Reisedauer	0
RR	Q0	Reizschwellenatrium	0
RR	Q0	Retrograde	0
RR	Q0	Rhytmonorma	0
RR	Q0	Risikofaktoreneinstellung	0
RR	Q0	Risikoprofiles Zielblutdruck	0
RR	Q0	RRÐ	0
RR	Q0	RRT	0
RR	Q0	Ruheblutdruck	0
RS	Q0	HRS	0
RS	Q0	IRS	0
RS	Q0	kleines Q	0
RS	Q0	ORS	0
RS	Q0	Q	0
RS	Q0	QRSschmal RSU	0
RS	Q0	R S Umschlag	0
RS	Q0	R Verlust	0
RS	Q0	Rechtstyp	0
RS	Q0	Rechtsverspätung	0
RS	Q0	Reizschwellen	0
RS	Q0	Restpneumothoraxanteil	0
RS	Q0	RS-Umschlag	0
RS	Q0	RSPV	0
RS	Q0	rSr	0
RS	Q0	rsR	0
RS	Q0	RsR	0
RS	Q0	rSR	0
RS	Q0	RSU	0
RS	Q0	Rücktransfer	0
RS	Q0	Ruhephase	0
RS	Q0	Ruhepulses	0
RS	Q0	rundliche Transparenzminderung	0
RS	Q0	Rverlust	0
RS	Q0	S	0
RS	Q0	Raynaud-Syndrom	-1
RS	Q0	Rettungssanitäter	-1
RS	Q0	Rhombencephalosynapsis	-1
RS	Q0	Rhythmusstörungen	-1
RSB	Q0	Rechtsschenkelblock	2
RSB	Q0	Rechtsschenkelblockbild	1
RSB	Q0	ERSB	0
RSB	Q0	inkompl LSB	0
RSB	Q0	inkompl RSB	0
RSB	Q0	kompl LSB	0
RSB	Q0	LSB	0
RSB	Q0	LSB Bild	0
RSB	Q0	Rechtsbelastung	0
RSB	Q0	Rechtsherzbeurteilung	0
RSB	Q0	respirat Kaliberschwankung	0
RSB	Q0	respiratorischer Kaliberschwankung	0
RSB	Q0	Rhythmusambulannz	0
RSB	Q0	RSB LAH	0
RSB	Q0	RSB RAH	0
RSB	Q0	ÜLTÐRSB	0
RV	Q0	Rechter Ventrikel	2
RV	Q0	rechter Ventrikel	2
RV	Q0	rechtsventrikulär	2
RV	Q0	Rechtsventrikuläre	2
RV	Q0	rechtsventrikuläre	2
RV	Q0	Rechtsventrikulärer	2
RV	Q0	rechtsventrikulärer	2
RV	Q0	re Ventrikel	1
RV	Q0	Rechtsventr	1
RV	Q0	rechtsventr	1
RV	Q0	Rechtsventrikelfkt	1
RV	Q0	Rechtsventrikelfunktion	1
RV	Q0	Rechtventrikelfunktion	1
RV	Q0	atrial	0
RV	Q0	Atrium	0
RV	Q0	Impedanz	0
RV	Q0	LV	0
RV	Q0	P Welle	0
RV	Q0	PRV	0
RV	Q0	re und li Ventrikel	0
RV	Q0	Reizschwelle ventrikulär	0
RV	Q0	Rivacor	0
RV	Q0	Rivotril	0
RV	Q0	RVED	0
RV	Q0	RVH	0
RV	Q0	RVO	0
RV	Q0	RVS	0
RV	Q0	Restvolumen der Lunge	-1
RW	Q0	Randwinkel	2
RW	Q0	Randwinkels	2
RW	Q0	basalen Zisternen	0
RW	Q0	Neuroforamina	0
RW	Q0	Randwinkeladhärenz	0
RW	Q0	Randwinkelerguss	0
RW	Q0	Randwinkelerguß	0
RW	Q0	Randwinkelergüsse	0
RW	Q0	Randwinkelergüße	0
RW	Q0	Randwinkelergüssen	0
RW	Q0	Randwinkelschwielen	0
RW	Q0	Recessus	0
RW	Q0	Recessus laterales	0
RW	Q0	Rezessus	0
RW	Q0	Mundwinkel	-1
SAE	Q0	Serious Adverse Event	2
SAE	Q0	Severe Adverse events	2
SAE	Q0	AE	0
SAE	Q0	AE SAE	0
SAE	Q0	AEs	0
SAE	Q0	CFAE	0
SAE	Q0	SAEs	0
SAE	Q0	Salazopyrintherapie	0
SAE	Q0	SAM	0
SAE	Q0	Schrittmacher assoziierten	0
SAE	Q0	schweren unerwünschten Ereignisse	0
SAE	Q0	signifikante Ischämiezeichen	0
SAE	Q0	Straßenverkehr	0
SAE	Q0	Studienvisite aufgetreten	0
SAE	Q0	subsegmental PAEs	0
SAE	Q0	symptomatische Hypotension	0
SAE	Q0	synkopale Ereignisse	0
SAE	Q0	synkopalen Ereignisse	0
SAE	Q0	synkopales Ereignis	0
SAE	Q0	synovitische Hyperplasie	0
SAE	Q0	Hospitalisierungen	-1
SAE	Q0	Krankenhausaufenthalte	-1
SAE	Q0	Subkortikale arteriosklerotische Enzephalopathie	-1
SM	Q0	Schrittmacher	2
SM	Q0	SChrittmachers	1
SM	Q0	Shcrittmacher	1
SM	Q0	BSM	0
SM	Q0	CCM	0
SM	Q0	CRT	0
SM	Q0	HSM	0
SM	Q0	ICD	0
SM	Q0	iCD	0
SM	Q0	Reveal	0
SM	Q0	Revealrecorder	0
SM	Q0	Schmalkomplextachykardie	0
SM	Q0	Schrittmacherimpl	0
SM	Q0	Schrittmacherimplantation	0
SM	Q0	Schrittmacherkontrolle	0
SM	Q0	Schrittmacherrhythmus	0
SM	Q0	Schrittmachers	0
SM	Q0	SMI	0
SM	Q0	SMZ	0
SR	Q0	Sinusrhythmus	2
SR	Q0	Sinusrhyhtmus	1
SR	Q0	Atriale Stimulation	0
SR	Q0	bcSR	0
SR	Q0	BSR	0
SR	Q0	min	0
SR	Q0	MSR	0
SR	Q0	Normocarde VHFA	0
SR	Q0	PSR	0
SR	Q0	Schrittmacherrhythmus	0
SR	Q0	Sinusarrhthmie	0
SR	Q0	Sinusarrhythmie	0
SR	Q0	Sinusbrady	0
SR	Q0	Sinusbradycardie	0
SR	Q0	Sinusbradykardie	0
SR	Q0	Sinustachykardie	0
SR	Q0	SM stimulierte	0
SR	Q0	Sr	0
SR	Q0	TSR	0
SR	Q0	VHFA	0
SR	Q0	Senkungsreaktion	-1
SR	Q0	Spontanremission	-1
TASS	Q0	Thrombo Acetylsalicylsäure	2
TASS	Q0	Thrombo ASS	2
TASS	Q0	Thrombo-ASS	2
TASS	Q0	Thormbo Ass	1
TASS	Q0	ThrmoboASS	1
TASS	Q0	Thrombo Ass	1
TASS	Q0	ThromboASS	1
TASS	Q0	ThromboAss	1
TASS	Q0	CSS	0
TASS	Q0	Exforge	0
TASS	Q0	FESS	0
TASS	Q0	Glucophage	0
TASS	Q0	Klacid	0
TASS	Q0	POSS	0
TASS	Q0	Pradaxa	0
TASS	Q0	TASs	0
TASS	Q0	ThromboASSÐÐÐmg	0
TASS	Q0	Torasemid	0
TASS	Q0	TorasemidÐÐmg	0
TASS	Q0	Urosin	0
TEP	Q0	Totalendoprothese	2
TEP	Q0	H TEP	0
TEP	Q0	Hüft TEP	0
TEP	Q0	Kleinhirninsult	0
TEP	Q0	Knie TEP	0
TEP	Q0	KTEP	0
TEP	Q0	Mediainfarkt	0
TEP	Q0	SSEP	0
TEP	Q0	Teilentfernung	0
TEP	Q0	temporal	0
TEP	Q0	TEP cox	0
TEP	Q0	tibiales posteriores	0
TEP	Q0	Timolol Augentropfen	0
TEP	Q0	Tracheobronchialsystemes Pleuraspitzenschwielen	0
TEP	Q0	Transparenzminderung perihilär	0
TEP	Q0	Tumorexstirpation	0
TEP	Q0	Tumornephrektomie	0
TIA	Q0	transitorische ischämische Attacke	2
TIA	Q0	Transitorische ischämische Attacke	2
TIA	Q0	ACP Insult	0
TIA	Q0	apoplekt Insult	0
TIA	Q0	cerebralem Insult	0
TIA	Q0	CHE	0
TIA	Q0	HWI	0
TIA	Q0	Hysterektomie	0
TIA	Q0	Insult	0
TIA	Q0	Strumaresektion	0
TIA	Q0	Strumektomie	0
TIA	Q0	tachykarder Vorhofflimmerarrhythmie	0
TIA	Q0	Teilamputation	0
TIA	Q0	Thalamusinfarkt	0
TIA	Q0	Thyreoidektomie total	0
TIA	Q0	TIAÐ	0
TIA	Q0	transfemoraler TAVI am	0
TIA	Q0	Transmuraler Myokardinfarkt	0
TIA	Q0	Tricuspidalraffung	0
TIA	Q0	Trikuspidalklappenraffung	0
TIA	Q0	Teilinfarkt	-1
TIA	Q0	transmuralem Hinterwandinfarkt	-1
TIA	Q0	transmuraler Myokardinfarkt	-1
TRINS	Q0	Tricuspidainsuffizienz	2
TRINS	Q0	Tricuspidalinsuffizienz	2
TRINS	Q0	Trikuspidalinsuff	2
TRINS	Q0	Trikuspidalinsuffizienz	2
TRINS	Q0	Trikuspidalklappeninsuffizienz	2
TRINS	Q0	Triskuspidalinsuffizienz	2
TRINS	Q0	Trikuspidalinsuffizeinz	1
TRINS	Q0	Trikuspidalinsuffizinez	1
TRINS	Q0	AINS	0
TRINS	Q0	MINS	0
TRINS	Q0	Mins	0
TRINS	Q0	PINS	0
TRINS	Q0	PUINS	0
TRINS	Q0	TR	0
TRINS	Q0	Trins	0
TRINS	Q0	TRINSI	0
TRINS	Q0	TRIS	0
TX	Q0	Transplant	2
TX	Q0	Transplantation	2
TX	Q0	transplantchir	1
TX	Q0	angiologischen	0
TX	Q0	Endokrinologischen	0
TX	Q0	GÐ RTX	0
TX	Q0	hämatologischen	0
TX	Q0	Herzchirurgischen	0
TX	Q0	MTX	0
TX	Q0	NTX	0
TX	Q0	Rhytmus	0
TX	Q0	RTX	0
TX	Q0	Textur	0
TX	Q0	Thoraxchir	0
TX	Q0	Thoraxchirurgie	0
TX	Q0	thoraxchirurgischen	0
TX	Q0	Toxoplasma	0
US	Q0	Unterschenkel	2
US	Q0	Unterschenkeln	2
US	Q0	auftretender peripherer	0
US	Q0	AUS	0
US	Q0	Diastolicum	0
US	Q0	MGUS	0
US	Q0	orthostatisch kaum	0
US	Q0	peripheren	0
US	Q0	praetibiale	0
US	Q0	Ulcusnarbe	0
US	Q0	Unterschenkelamputation	0
US	Q0	Unterschenkelkompressionsstrümpfen	0
US	Q0	Unterschenkelödeme	0
US	Q0	Untersuchung ausführliche	0
US	Q0	Urethrastriktur	0
US	Q0	USCH	0
US	Q0	Usch	0
US	Q0	USG	0
US	Q0	USkG	0
US	Q0	Ultraschall	-1
US	Q0	unkonditionierter Stimulus	-1
USKG	Q0	Ultraschallkardiogramm	2
USKG	Q0	Echokardiographie	0
USKG	Q0	KG	0
USKG	Q0	TEE	0
USKG	Q0	Thorax Rö	0
USKG	Q0	Transthorak Echokardiographie	0
USKG	Q0	Transthorakale Echokardiographie	0
USKG	Q0	TTE	0
USKG	Q0	UKG	0
USKG	Q0	Untersuchungen Elektrophysiologische	0
USKG	Q0	USKGs	0
VA	Q0	Vesikuläratmen	2
VA	Q0	vesikuläres Atemgeräusch	2
VA	Q0	AGs	0
VA	Q0	BVA	0
VA	Q0	Geräusche	0
VA	Q0	path Herzgeräusche	0
VA	Q0	patholog Geräusche	0
VA	Q0	SPIRIVA	0
VA	Q0	VAC	0
VA	Q0	VAG	0
VA	Q0	Varicosis	0
VA	Q0	Varicositas	0
VA	Q0	Varikosis	0
VA	Q0	Varikositas	0
VA	Q0	verschärftes AG	0
VA	Q0	VIVA	0
VA	Q0	alveoläre Ventilation	-1
VA	Q0	Varicose	-1
VA	Q0	Varizella	-1
VA	Q0	Vegetativumanamnese	-1
VA	Q0	ves Atmung	-1
VA	Q0	vitientyp Geräusche	-1
VA	Q0	vitientypischen Geräusche	-1
VA	Q0	vordere Augenabschnitte	-1
VB	Q0	Venenbypass	2
VB	Q0	Venenbypässe	2
VB	Q0	Venenbypässen	2
VB	Q0	Venenbypasses	2
VB	Q0	Vorbefund	2
VB	Q0	Aufladen	0
VB	Q0	Bypässe LIMA	0
VB	Q0	Bypässe Lima	0
VB	Q0	Bypässe SVG	0
VB	Q0	Bypasses	0
VB	Q0	Echobefund idem	0
VB	Q0	LIMA Bypass	0
VB	Q0	RIMA	0
VB	Q0	Venen Bypasses	0
VB	Q0	Vorröntgen	0
VB	Q0	VSM Bypass	0
VB	Q0	VSM Bypasses	0
VCI	Q0	Vena cava inferior	2
VCI	Q0	Cava	1
VCI	Q0	V cava inf	1
VCI	Q0	Vena cava	1
VCI	Q0	vena cava	1
VCI	Q0	Vena Cava	1
VCI	Q0	Vena cava inf	1
VCI	Q0	Kleiner	0
VCI	Q0	kleiner	0
VCI	Q0	Minim	0
VCI	Q0	Minimaler	0
VCI	Q0	VC	0
VCI	Q0	Vena cephalica	0
VCI	Q0	Vena subclavia	0
VCI	Q0	verdickt Mitralringsklerose	0
VCI	Q0	verschieben	0
VCI	Q0	verschmälert Sinus	0
VCI	Q0	wirksamer	0
VES	Q0	ventrikuläre Extrasystole	2
VES	Q0	ventrikuläre Extrasystolen	2
VES	Q0	Ventrikuläre Extrasystolen	2
VES	Q0	ventrikuläre Extrasystolie	2
VES	Q0	ventr Extrasystole	1
VES	Q0	ventriculäre ES	1
VES	Q0	ventrik Extrasystolen	1
VES	Q0	Ventrikuläre	1
VES	Q0	AGES	0
VES	Q0	Couplets	0
VES	Q0	ÐVES	0
VES	Q0	monomorphe VES	0
VES	Q0	monotope VES	0
VES	Q0	Morphologien	0
VES	Q0	polymorphe VES	0
VES	Q0	SVES	0
VES	Q0	ventrik Arrhythmien	0
VES	Q0	vereinzelt Couplets	0
VES	Q0	viralen Kopien	0
VES	Q0	Vorbelastung	0
VES	Q0	VT Episoden	0
VES	Q0	Vzlt SVES	0
VHFA	Q0	Vorhofflimmerarrhythmie	2
VHFA	Q0	Vorhofflimmerarhythmie	1
VHFA	Q0	Vorhofflimmerarrhythmi	1
VHFA	Q0	Vorhofflimmerarrythmie	1
VHFA	Q0	Vorhofflimmeraryhthmie	1
VHFA	Q0	Vorhofflimmeraryhtmie	1
VHFA	Q0	Normocarde VHFA	0
VHFA	Q0	tcVHFA	0
VHFA	Q0	VH Flattern	0
VHFA	Q0	VH flattern	0
VHFA	Q0	VH flimmern	0
VHFA	Q0	VHF	0
VHFA	Q0	VHFa	0
VHFA	Q0	VHFL	0
VHFA	Q0	VHFla	0
VHFA	Q0	Vorhofflatter Vorhofflimmerarrhythmie	0
VHFA	Q0	Vorhofflattern	0
VHFA	Q0	Vorhofflimmern	0
VHFA	Q0	Vorhoftachykardie	0
VHT	Q0	Vorhoftachykardie	2
VHT	Q0	vereinbar mit gewöhnlichem Vorhofflattern	0
VHT	Q0	vergrößert Hinterwandakinesie	0
VHT	Q0	Vorhofseptumdefekt Multiple	0
VT	Q0	ventriculäre Tachycardie	2
VT	Q0	ventriculäre Tachycardien	2
VT	Q0	ventriculärer Tachycardie	2
VT	Q0	Ventrikuläre Tachykardie	2
VT	Q0	ventrikuläre Tachykardie	2
VT	Q0	ventrikulären Tachykardien	2
VT	Q0	ventr Tachykardie	1
VT	Q0	ventrik	1
VT	Q0	ventrik Tachykardien	1
VT	Q0	AT	0
VT	Q0	ÐVT	0
VT	Q0	FVT	0
VT	Q0	nsVT	0
VT	Q0	NSVT	0
VT	Q0	pSVT	0
VT	Q0	PSVT	0
VT	Q0	Ruheatemzugvolumen	0
VT	Q0	SVT	0
VT	Q0	ventrikuläre Extrasystolen	0
VT	Q0	VF	0
VT	Q0	Vorderwand neg T	0
VT	Q0	Vorhofflatterarrhythmie	0
VT	Q0	Vorhoftachykardie	0
VT	Q0	VP Anteil	0
VT	Q0	Venenthrombose	-1
VT	Q0	Verhaltenstherapie	-1
VT	Q0	Verotoxin	-1
VVI	Q0	Ventricle Ventricle Inhibition	2
VVI	Q0	AAI	0
VVI	Q0	AAi DDD	0
VVI	Q0	DDD	0
VVI	Q0	DDDR	0
VVI	Q0	DDI	0
VVI	Q0	Herzschrittmachermodus	0
VVI	Q0	VV	0
VVI	Q0	Vv iliacae	0
VVI	Q0	VVI-Modus	0
VVI	Q0	VVIR	0
VVI	Q0	VVTR	0
VVI	Q0	VV Intervalle	-1
ZAVK	Q0	zerebrale arterielle Verschlusskrankheit	2
ZAVK	Q0	CAVK	0
ZAVK	Q0	cAVK	0
ZAVK	Q0	Fontaine Stadium	0
ZAVK	Q0	Grav	0
ZAVK	Q0	pAVK	0
ZAVK	Q0	ped dext	0
ZAVK	Q0	Pulmonalklappeninsuffizienz	0
ZAVK	Q0	vAVK	0
ZAVK	Q0	zAVK	0